{
  "project_info": {
    "project_number": "651787674248",
    "project_id": "umkm-e072f",
    "storage_bucket": "umkm-e072f.appspot.com"
  },
  "client": [
    {
      "client_info": {
        "mobilesdk_app_id": "1:651787674248:android:de396c93766ca84181353d",
        "android_client_info": {
          "package_name": "com.example.usahamikrokecilmenengah"
        }
      },
      "oauth_client": [
        {
          "client_id": "651787674248-bu95rt8d28gtlnrvpdk04r7042hgjm9i.apps.googleusercontent.com",
          "client_type": 3
        }
      ],
      "api_key": [
        {
          "current_key": "AIzaSyBOBvR8YMl1wSn7yLSh0SV-Gq3Ar7Faf8M"
        }
      ],
      "services": {
        "appinvite_service": {
          "other_platform_oauth_client": [
            {
              "client_id": "651787674248-bu95rt8d28gtlnrvpdk04r7042hgjm9i.apps.googleusercontent.com",
              "client_type": 3
            }
          ]
        }
      }
    }
  ],
  "configuration_version": "1"
}